handle,did
aaronbarzilai.bsky.social,
aaronbruski.bsky.social,
aaronjfentress.bsky.social,
adamaaronson.bsky.social,
adamtaylornba.bsky.social,
adamzagoria.bsky.social,
albertoderoa.bsky.social,
alejandroggo.com,
alexaphilippou.bsky.social,
alexgoldennba.bsky.social,
alexkennedynba.bsky.social,
alexmcdaniel.co,
alexregla.bsky.social,
andrewgreif.bsky.social,
andrewmarchand.bsky.social,
andrewschlecht.bsky.social,
andyblarsen.bsky.social,
anpatt7.bsky.social,
anthonyirwinla.bsky.social,
anthonyvslater.bsky.social,
aop-nba.bsky.social,
apooch.bsky.social,
asherrodblakely.bsky.social,
austinkent.bsky.social,
austinkrell.bsky.social,
automaticnba.bsky.social,
bannedmacmahon.bsky.social,
basketball-reference.com,
basketballpoetry.com,
basketballtalk.bsky.social,
baxterholmes.bsky.social,
bball-index.bsky.social,
bballbreakdown.bsky.social,
bbstats.bsky.social,
beilby.bsky.social,
bellraja19.bsky.social,
benalamar.bsky.social,
bengolliver.bsky.social,
bennettdurando.bsky.social,
bigwos.bsky.social,
billmill.org,
billsimmons.bsky.social,
blakemurphy.bsky.social,
blazersedge.bsky.social,
bmarksespn.bsky.social,
bobbykrivitsky.bsky.social,
bonniesgmwoj.bsky.social,
brettdawson.bsky.social,
britishbuzz.bsky.social,
bryanfonseca.bsky.social,
bryankalbrosky.bsky.social,
btrowland.bsky.social,
bullsjay.bsky.social,
bweisel.bsky.social,
byjayking.bsky.social,
bykevinclark.bsky.social,
bytimreynolds.bsky.social,
caitlinmaycooper.bsky.social,
calderh.bsky.social,
carmichaeldave.bsky.social,
cavsanada.bsky.social,
cbergin.bsky.social,
celticsblog.bsky.social,
celticsclns.bsky.social,
chadfinn.bsky.social,
chasedcsports.bsky.social,
chelneyandrew.bsky.social,
chrisbhaynes.bsky.social,
chrisherrington.bsky.social,
christianclark3.bsky.social,
christopherhine.bsky.social,
coachthorpe.bsky.social,
coupnba.bsky.social,
craftednba.bsky.social,
craigbirnbach.bsky.social,
crainnba.bsky.social,
crumpledjumper.bsky.social,
ctabatabaie.bsky.social,
cyroasseo.bsky.social,
dallasmavs.bsky.social,
daltonjohnson.bsky.social,
damichaelcole.bsky.social,
danfavale.bsky.social,
danielle-lerner.bsky.social,
danielolinger.bsky.social,
dannychau.bsky.social,
dannycunningham.bsky.social,
dannyleroux.bsky.social,
dannymarang.bsky.social,
danwoikesports.bsky.social,
danwolken.bsky.social,
darthamin.bsky.social,
dataandme.bsky.social,
davidaldridgedc.bsky.social,
deanolytics.bsky.social,
derekbodner.bsky.social,
detnewsrodbeard.bsky.social,
deucemason.bsky.social,
dillonreagan.bsky.social,
dimeuproxx.bsky.social,
dlocke09.bsky.social,
draftexpress.bsky.social,
drew-h-stevens.bsky.social,
drewhilldailym.bsky.social,
duncansmith.bsky.social,
dustindopirak.bsky.social,
ecreates88.bsky.social,
ejelite1.bsky.social,
ekoreen.bsky.social,
ericpincus.bsky.social,
erikg503.bsky.social,
espo.bsky.social,
ethanjskolnick.bsky.social,
evanbarnes.bsky.social,
ezhoops.bsky.social,
fearthebrown.bsky.social,
flagrantmag.com,
flybyknite.bsky.social,
fmaddennba.bsky.social,
fredkatz.bsky.social,
freemanjoe.bsky.social,
gabriel1200.bsky.social,
gameinjurydoc.bsky.social,
garyparrishcbs.bsky.social,
geraldbourguet.bsky.social,
gilsarena.bsky.social,
ginamizell.bsky.social,
grant2will.bsky.social,
grantafseth.bsky.social,
granthughes.bsky.social,
gwashburnglobe.bsky.social,
gxjones.bsky.social,
havlicekstoleit.bsky.social,
herringnba.bsky.social,
highkin.bsky.social,
hoopinformatics.bsky.social,
hoopsanalyst.bsky.social,
hoopshype.bsky.social,
howardbeck.bsky.social,
howardmegdal.bsky.social,
hpbasketball.bsky.social,
inpredict.bsky.social,
instreetclothes.bsky.social,
irawinderman.bsky.social,
isaaclevyrubinett.bsky.social,
iztokfranko.bsky.social,
jackmack12.bsky.social,
jacksimone.bsky.social,
jacobegoldstein.bsky.social,
jacobrude.bsky.social,
jadande.bsky.social,
jadubin5.bsky.social,
jakelfischer.bsky.social,
jameshamnba.bsky.social,
jamesherbert.bsky.social,
janiscarr2.bsky.social,
jared-greenberg.bsky.social,
jaredgreenberg.bsky.social,
jaredweissnba.bsky.social,
jasminelwatkins.bsky.social,
jasmynwimbish.bsky.social,
jbeede.bsky.social,
jeffschultzatl.bsky.social,
jeffzillgitt.bsky.social,
jeremywoo.bsky.social,
jeskeets.bsky.social,
jessbenson.bsky.social,
jgsiegel.bsky.social,
jimowczarski.bsky.social,
jkylemann.bsky.social,
jledwardsiii.bsky.social,
jmcdonaldsa.bsky.social,
joelrushnba.bsky.social,
joemussatto.bsky.social,
joevardon.bsky.social,
joeviraynba.bsky.social,
joeymistretta.bsky.social,
johngonzalez.bsky.social,
johnhollinger.bsky.social,
johnkaralis.com,
johnledesma.bsky.social,
johnschuhmann.bsky.social,
johnzannis.bsky.social,
jonathanfeigen.bsky.social,
jonathanmacri.bsky.social,
jonhamm.bsky.social,
jonkrawczynski.bsky.social,
jonnichols.bsky.social,
joshrobbins.bsky.social,
juliapoe.bsky.social,
justesbaraheni.bsky.social,
justinquinnn.bsky.social,
jwquick.bsky.social,
jxlorenzi.bsky.social,
kalidrafts.bsky.social,
kambrothers.bsky.social,
katywinge.bsky.social,
kbadenhausen.bsky.social,
keerthikau.bsky.social,
keithsmithnba.bsky.social,
kellanolson.bsky.social,
kellyiko.bsky.social,
kenpom.com,
kerithburke.bsky.social,
kerryeggers.bsky.social,
kevding.bsky.social,
kevinoconnornba.bsky.social,
khobiprice.bsky.social,
kingjosiah54.bsky.social,
klaytheist.bsky.social,
kml7.bsky.social,
knarsu3.bsky.social,
kpelton.bsky.social,
krisplashed.bsky.social,
kyledrapertv.bsky.social,
kyleneubeck.bsky.social,
lakerfilmroom.bsky.social,
lakersnation.bsky.social,
landonbuford.bsky.social,
lawmurraythenu.bsky.social,
legionhoops.bsky.social,
levakabas.bsky.social,
loganmmurdock.bsky.social,
louiszatzman.bsky.social,
lucaskaplan.bsky.social,
marcjspears.bsky.social,
markdeeks.bsky.social,
markjonesespn.bsky.social,
masonginsberg.bsky.social,
matsonj.com,
mattbolanos.bsky.social,
mattbonner.bsky.social,
mattevanscu.bsky.social,
mattgeorgesac.bsky.social,
matthewtynan.bsky.social,
mcnuttmonica.bsky.social,
mcuban.bsky.social,
michaelvpina.bsky.social,
mikeascotto.bsky.social,
mikedsykes.bsky.social,
mikefinger.bsky.social,
mikepradanba.bsky.social,
mikevorkunov.bsky.social,
mirinfader.bsky.social,
mollyhannahm.bsky.social,
montepoole.bsky.social,
morganragan.bsky.social,
msjnba.bsky.social,
nateduncannba.bsky.social,
nathanfogg.bsky.social,
nba.bankbryan.com,
nba.com,
nbacobwebs.bsky.social,
nbagamereport.bsky.social,
nbaoginsa.bsky.social,
nbaplaydb.bsky.social,
nbasarah.bsky.social,
nbastat.bsky.social,
nbcswarriors.bsky.social,
nekiasnba.bsky.social,
nickrestifo.bsky.social,
nickvanexit.bsky.social,
noadalzell.bsky.social,
norlander.bsky.social,
notoriousohm.bsky.social,
ohnohedidnt24.bsky.social,
omarisankofa.bsky.social,
owenphillips.bsky.social,
pakaflocka.bsky.social,
paolouggetti.bsky.social,
patbenson.bsky.social,
patricksandusky.bsky.social,
paulheadleynba.bsky.social,
paulhudrick.bsky.social,
pilarcasadobiesa.bsky.social,
plottheball.com,
pompeyonsixers.bsky.social,
positiveresidual.com,
prohoopswriters.bsky.social,
protectedpick.bsky.social,
purehoop.bsky.social,
r0bato.bsky.social,
rachel-nichols.bsky.social,
ramonaespn.bsky.social,
raulbarrigon.bsky.social,
realgmnba.bsky.social,
reichten.bsky.social,
retepadam.bsky.social,
richarddeitsch.bsky.social,
rickyodonn.bsky.social,
robmahoney.bsky.social,
rodboone.bsky.social,
rohankatti.gspn.info,
ruhlmuk.bsky.social,
ryanblackburn.bsky.social,
salmanalinba.bsky.social,
samamick.bsky.social,
samcyip.bsky.social,
samdigiovanni.bsky.social,
samvecenie.bsky.social,
sbondynba.bsky.social,
scooperhoops2.bsky.social,
scottagness.bsky.social,
seeratsohi.bsky.social,
sethrosenthal.bsky.social,
sethwalder.bsky.social,
shamsbot.bsky.social,
shapalicious.bsky.social,
sheacarlson.bsky.social,
shotdrjr.bsky.social,
shrikhalpada.dev,
sichrismannix.bsky.social,
simonpollock.bsky.social,
sixersnba.bsky.social,
smithraptorsbeat.bsky.social,
spindavies.bsky.social,
sportinfo247.bsky.social,
sportsmediawatch.bsky.social,
sportsreiter.bsky.social,
spotrac.com,
sradjoker.cc,
stathead.com,
statitudes.com,
stepbackstats.bsky.social,
stephnoh.bsky.social,
stevejones20.bsky.social,
stevepopper.bsky.social,
stevesmith.bsky.social,
sunsphx.bsky.social,
talkhoops.bsky.social,
talkinnba.bsky.social,
tasmelas.bsky.social,
taylorsnarr.bsky.social,
teamziller.bsky.social,
theoquintard.bsky.social,
thesteinline.bsky.social,
thinkingbasketball.bsky.social,
thompsonscribe.bsky.social,
timbontemps.bsky.social,
timcato.bsky.social,
tntsportsus.bsky.social,
tomerazarly.bsky.social,
tomhaberstroh.bsky.social,
tommybeernba.bsky.social,
tomorsborn.bsky.social,
tomwesterholm.bsky.social,
toni-vidal.bsky.social,
tonyreast.bsky.social,
trailblazers.bsky.social,
travonne.bsky.social,
trevorlanenba.bsky.social,
treykerby.bsky.social,
tybatiste.bsky.social,
tylerparker.bsky.social,
ushernba.bsky.social,
vincegoodwill.bsky.social,
wesgoldberg.bsky.social,
willgottlieb.bsky.social,
williamlou.bsky.social,
williamslaurenl.bsky.social,
wolstat.bsky.social,
worldwidewob.bsky.social,
wtevs.bsky.social,
yaronweitzman.bsky.social,
yoleo.bsky.social,
yossigozlan.bsky.social,
youngnba.bsky.social,
yourmandevine.bsky.social,
zachkram.bsky.social,
zachlowenba.bsky.social,
zackcox.bsky.social,
zenakeita.bsky.social,
