"Name","URL"
"Ethan Sands","https://bsky.app/profile/ejelite1.bsky.social"
"Leo Sun","https://bsky.app/profile/yoleo.bsky.social"
"Ryan Eichten","https://bsky.app/profile/reichten.bsky.social"
"Drew Stevens","https://bsky.app/profile/drew-h-stevens.bsky.social"
"Tyler Parker","https://bsky.app/profile/tylerparker.bsky.social"
"Jake Shapiro","https://bsky.app/profile/shapalicious.bsky.social"
"Danielle Lerner","https://bsky.app/profile/danielle-lerner.bsky.social"
"Zack Cox","https://bsky.app/profile/zackcox.bsky.social"
"Conor Bergin","https://bsky.app/profile/cbergin.bsky.social"
"Shane Young","https://bsky.app/profile/youngnba.bsky.social"
"Evan Jeffries","https://bsky.app/profile/gameinjurydoc.bsky.social"
"Kerry Eggers","https://bsky.app/profile/kerryeggers.bsky.social"
"Evan Zaucha","https://bsky.app/profile/ezhoops.bsky.social"
"Patrick D. Sandusky","https://bsky.app/profile/patricksandusky.bsky.social"
"NBA Play DB","https://bsky.app/profile/nbaplaydb.bsky.social"
"Grant Hughes","https://bsky.app/profile/granthughes.bsky.social"
"Dillon Reagan","https://bsky.app/profile/dillonreagan.bsky.social"
"Gordie Jones","https://bsky.app/profile/gxjones.bsky.social"
"Dallas Mavericks","https://bsky.app/profile/dallasmavs.bsky.social"
"Philadelphia 76ers","https://bsky.app/profile/sixersnba.bsky.social"
"Portland Trail Blazers","https://bsky.app/profile/trailblazers.bsky.social"
"NBA","https://bsky.app/profile/nba.com"
"Ben Weisel","https://bsky.app/profile/bweisel.bsky.social"
"Phoenix Suns","https://bsky.app/profile/sunsphx.bsky.social"
"Edwin Garcia","https://bsky.app/profile/ecreates88.bsky.social"
"Laker Film Room","https://bsky.app/profile/lakerfilmroom.bsky.social"
"Nick Kalinowski","https://bsky.app/profile/kalidrafts.bsky.social"
"Zena Keita","https://bsky.app/profile/zenakeita.bsky.social"
"Ethan Skolnick","https://bsky.app/profile/ethanjskolnick.bsky.social"
"Ryan Wolstat","https://bsky.app/profile/wolstat.bsky.social"
"Alexa Philippou","https://bsky.app/profile/alexaphilippou.bsky.social"
"Chris Haynes","https://bsky.app/profile/chrisbhaynes.bsky.social"
"Matt George","https://bsky.app/profile/mattgeorgesac.bsky.social"
"Bryan Fonseca","https://bsky.app/profile/bryanfonseca.bsky.social"
"NBA Game Report","https://bsky.app/profile/nbagamereport.bsky.social"
"Shri Khalpada","https://bsky.app/profile/shrikhalpada.dev"
"Seth Walder","https://bsky.app/profile/sethwalder.bsky.social"
"Stepback Stats","https://bsky.app/profile/stepbackstats.bsky.social"
"Matt Bolaños","https://bsky.app/profile/mattbolanos.bsky.social"
"Taylor Snarr","https://bsky.app/profile/taylorsnarr.bsky.social"
"Hoops Analyst","https://bsky.app/profile/hoopsanalyst.bsky.social"
"Ben Taylor","https://bsky.app/profile/thinkingbasketball.bsky.social"
"Dean Oliver","https://bsky.app/profile/deanolytics.bsky.social"
"Mara Averick","https://bsky.app/profile/dataandme.bsky.social"
"Nate Duncan","https://bsky.app/profile/nateduncannba.bsky.social"
"Jared Beilby","https://bsky.app/profile/beilby.bsky.social"
"Jared Greenberg","https://bsky.app/profile/jared-greenberg.bsky.social"
"Atticus O'Brien-Pappalardo","https://bsky.app/profile/aop-nba.bsky.social"
"Mike D. Sykes","https://bsky.app/profile/mikedsykes.bsky.social"
"Ben Wylie","https://bsky.app/profile/plottheball.com"
"Charlie Cummings","https://bsky.app/profile/klaytheist.bsky.social"
"Mike Vigil","https://bsky.app/profile/protectedpick.bsky.social"
"Bank Bryan","https://bsky.app/profile/nba.bankbryan.com"
"Flagrant Mag","https://bsky.app/profile/flagrantmag.com"
"Todd Whitehead","https://bsky.app/profile/crumpledjumper.bsky.social"
"Bobby Marks","https://bsky.app/profile/bmarksespn.bsky.social"
"Warriors on NBC Sports Bay Area","https://bsky.app/profile/nbcswarriors.bsky.social"
"John Zannis","https://bsky.app/profile/johnzannis.bsky.social"
"Toni Vidal","https://bsky.app/profile/toni-vidal.bsky.social"
"Bill Mill","https://bsky.app/profile/billmill.org"
"Sravan Pannala","https://bsky.app/profile/sradjoker.cc"
"Nathan Fogg","https://bsky.app/profile/nathanfogg.bsky.social"
"Damichael Cole","https://bsky.app/profile/damichaelcole.bsky.social"
"‪Aaron Bruski","https://bsky.app/profile/aaronbruski.bsky.social"
"Kristian Winfield","https://bsky.app/profile/krisplashed.bsky.social"
"Oh No He Didn't","https://bsky.app/profile/ohnohedidnt24.bsky.social"
"Zach Kram","https://bsky.app/profile/zachkram.bsky.social"
"Andrew Chelney","https://bsky.app/profile/chelneyandrew.bsky.social"
"Matt Evans","https://bsky.app/profile/mattevanscu.bsky.social"
"Rohan Katti","https://bsky.app/profile/rohankatti.gspn.info"
"Christian Clark","https://bsky.app/profile/christianclark3.bsky.social"
"David Locke","https://bsky.app/profile/dlocke09.bsky.social"
"‪Wes Goldberg","https://bsky.app/profile/wesgoldberg.bsky.social"
"Drew Hill","https://bsky.app/profile/drewhilldailym.bsky.social"
"A. Sherrod Blakely","https://bsky.app/profile/asherrodblakely.bsky.social"
"Celtics on CLNS","https://bsky.app/profile/celticsclns.bsky.social"
"Gilbert Arenas","https://bsky.app/profile/gilsarena.bsky.social"
"Josiah Johnson","https://bsky.app/profile/kingjosiah54.bsky.social"
"Jessica Benson","https://bsky.app/profile/jessbenson.bsky.social"
"Sports Media Watch","https://bsky.app/profile/sportsmediawatch.bsky.social"
"Kurt Badenhausen","https://bsky.app/profile/kbadenhausen.bsky.social"
"Gary Washburn","https://bsky.app/profile/gwashburnglobe.bsky.social"
"Jeremy Woo","https://bsky.app/profile/jeremywoo.bsky.social"
"Dalton Johnson","https://bsky.app/profile/daltonjohnson.bsky.social"
"Alex Regla","https://bsky.app/profile/alexregla.bsky.social"
"Bobby Krivitsky","https://bsky.app/profile/bobbykrivitsky.bsky.social"
"Grant Williams","https://bsky.app/profile/grant2will.bsky.social"
"Keith Langlois","https://bsky.app/profile/kml7.bsky.social"
"Draft Express","https://bsky.app/profile/draftexpress.bsky.social"
"Rod Boone","https://bsky.app/profile/rodboone.bsky.social"
"Chase Hughes","https://bsky.app/profile/chasedcsports.bsky.social"
"Joe Freeman","https://bsky.app/profile/freemanjoe.bsky.social"
"Adrian Wojnarowski","https://bsky.app/profile/bonniesgmwoj.bsky.social"
"Jason Beede","https://bsky.app/profile/jbeede.bsky.social"
"Ohm Youngmisuk","https://bsky.app/profile/notoriousohm.bsky.social"
"Alex Golden","https://bsky.app/profile/alexgoldennba.bsky.social"
"Positive Residual","https://bsky.app/profile/positiveresidual.com"
"TNT Sports U.S. PR","https://bsky.app/profile/tntsportsus.bsky.social"
"Dustin Dopirak","https://bsky.app/profile/dustindopirak.bsky.social"
"Scott Agness","https://bsky.app/profile/scottagness.bsky.social"
"Gabriel Guzman","https://bsky.app/profile/gabriel1200.bsky.social"
"Mike Shearer","https://bsky.app/profile/basketballpoetry.com"
"Kevin O'Connor","https://bsky.app/profile/kevinoconnornba.bsky.social"
"Brett Usher","https://bsky.app/profile/ushernba.bsky.social"
"Andrew Patton","https://bsky.app/profile/anpatt7.bsky.social"
"Dan Olinger","https://bsky.app/profile/danielolinger.bsky.social"
"Craig Birnbach","https://bsky.app/profile/craigbirnbach.bsky.social"
"Rahul Mukherjee","https://bsky.app/profile/ruhlmuk.bsky.social"
"Bill Reiter","https://bsky.app/profile/sportsreiter.bsky.social"
"Shea Carlson","https://bsky.app/profile/sheacarlson.bsky.social"
"Jeff Siegel","https://bsky.app/profile/jgsiegel.bsky.social"
"Morgan Ragan","https://bsky.app/profile/morganragan.bsky.social"
"Frank Madden","https://bsky.app/profile/fmaddennba.bsky.social"
"Chris Herrington","https://bsky.app/profile/chrisherrington.bsky.social"
"Steve Jones Jr","https://bsky.app/profile/stevejones20.bsky.social"
"Jeff Schultz","https://bsky.app/profile/jeffschultzatl.bsky.social"
"Matt Bonner","https://bsky.app/profile/mattbonner.bsky.social"
"Justin Kubatko","https://bsky.app/profile/statitudes.com"
"William Lou","https://bsky.app/profile/williamlou.bsky.social"
"Dan Wolken","https://bsky.app/profile/danwolken.bsky.social"
"Gary Parrish","https://bsky.app/profile/garyparrishcbs.bsky.social"
"Tyler Batiste","https://bsky.app/profile/tybatiste.bsky.social"
"David Aldridge","https://bsky.app/profile/davidaldridgedc.bsky.social"
"Jared Weiss","https://bsky.app/profile/jaredweissnba.bsky.social"
"Rod Beard","https://bsky.app/profile/detnewsrodbeard.bsky.social"
"Mike Monroe","https://bsky.app/profile/nbaoginsa.bsky.social"
"Doug Smith","https://bsky.app/profile/smithraptorsbeat.bsky.social"
"Rob Peterson","https://bsky.app/profile/shotdrjr.bsky.social"
"Joe Mussatto","https://bsky.app/profile/joemussatto.bsky.social"
"Parker Fleming","https://bsky.app/profile/pakaflocka.bsky.social"
"Ricky O'Donnell","https://bsky.app/profile/rickyodonn.bsky.social"
"Joe Vardon","https://bsky.app/profile/joevardon.bsky.social"
"Matthew Tynan","https://bsky.app/profile/matthewtynan.bsky.social"
"Chris Hine","https://bsky.app/profile/christopherhine.bsky.social"
"Jeff Zillgitt","https://bsky.app/profile/jeffzillgitt.bsky.social"
"Lauren L. Williams","https://bsky.app/profile/williamslaurenl.bsky.social"
"Steve Popper","https://bsky.app/profile/stevepopper.bsky.social"
"Andrew Schlecht","https://bsky.app/profile/andrewschlecht.bsky.social"
"Kelly Iko","https://bsky.app/profile/kellyiko.bsky.social"
"Nathan Walker","https://bsky.app/profile/bbstats.bsky.social"
"Marcus Thompson","https://bsky.app/profile/thompsonscribe.bsky.social"
"Anthony Slater","https://bsky.app/profile/anthonyvslater.bsky.social"
"Jason Quick","https://bsky.app/profile/jwquick.bsky.social"
"Grant Afseth","https://bsky.app/profile/grantafseth.bsky.social"
"Pat Benson","https://bsky.app/profile/patbenson.bsky.social"
"Joey Mistretta","https://bsky.app/profile/joeymistretta.bsky.social"
"Tom Orsborn","https://bsky.app/profile/tomorsborn.bsky.social"
"Automatic NBA","https://bsky.app/profile/automaticnba.bsky.social"
"Adam Zagoria","https://bsky.app/profile/adamzagoria.bsky.social"
"Stathead","https://bsky.app/profile/stathead.com"
"Keith Pompey","https://bsky.app/profile/pompeyonsixers.bsky.social"
"Sam Yip","https://bsky.app/profile/samcyip.bsky.social"
"Havlicek Stole the Pod","https://bsky.app/profile/havlicekstoleit.bsky.social"
"Jack McCallum","https://bsky.app/profile/jackmack12.bsky.social"
"Monte Poole","https://bsky.app/profile/montepoole.bsky.social"
"Jacob Matson","https://bsky.app/profile/matsonj.com"
"CelticsBlog","https://bsky.app/profile/celticsblog.bsky.social"
"Jonathan Feigen","https://bsky.app/profile/jonathanfeigen.bsky.social"
"Kevin Ding","https://bsky.app/profile/kevding.bsky.social"
"Trevor Lane","https://bsky.app/profile/trevorlanenba.bsky.social"
"Ben Alamar","https://bsky.app/profile/benalamar.bsky.social"
"Lev Akabas","https://bsky.app/profile/levakabas.bsky.social"
"Mike Lynch","https://bsky.app/profile/sportinfo247.bsky.social"
"Crafted NBA","https://bsky.app/profile/craftednba.bsky.social"
"Danny Chau","https://bsky.app/profile/dannychau.bsky.social"
"Mike Beuoy","https://bsky.app/profile/inpredict.bsky.social"
"Stefan Bondy","https://bsky.app/profile/sbondynba.bsky.social"
"Katy Winge","https://bsky.app/profile/katywinge.bsky.social"
"NBA Stat","https://bsky.app/profile/nbastat.bsky.social"
"Anthony Puccio","https://bsky.app/profile/apooch.bsky.social"
"Monica McNutt","https://bsky.app/profile/mcnuttmonica.bsky.social"
"BBall Index","https://bsky.app/profile/bball-index.bsky.social"
"Tim Bontemps","https://bsky.app/profile/timbontemps.bsky.social"
"Cyro Asseo","https://bsky.app/profile/cyroasseo.bsky.social"
"‪J. Kyle Mann","https://bsky.app/profile/jkylemann.bsky.social"
"Isaac Levy-Rubinett","https://bsky.app/profile/isaaclevyrubinett.bsky.social"
"Big Wos","https://bsky.app/profile/bigwos.bsky.social"
"Raja Bell","https://bsky.app/profile/bellraja19.bsky.social"
"Adam Aaronson","https://bsky.app/profile/adamaaronson.bsky.social"
"Jack Perkins","https://bsky.app/profile/purehoop.bsky.social"
"Ben Golliver","https://bsky.app/profile/bengolliver.bsky.social"
"Nick Angstadt","https://bsky.app/profile/nickvanexit.bsky.social"
"Julia Poe","https://bsky.app/profile/juliapoe.bsky.social"
"Aaron J. Fentress","https://bsky.app/profile/aaronjfentress.bsky.social"
"BBall Breakdown","https://bsky.app/profile/bballbreakdown.bsky.social"
"Tommy Beer","https://bsky.app/profile/tommybeernba.bsky.social"
"Kevin Clark","https://bsky.app/profile/bykevinclark.bsky.social"
"Legion Hoops","https://bsky.app/profile/legionhoops.bsky.social"
"Gina Mizell","https://bsky.app/profile/ginamizell.bsky.social"
"Calder Hynes","https://bsky.app/profile/calderh.bsky.social"
"Caitlin Cooper","https://bsky.app/profile/caitlinmaycooper.bsky.social"
"Carmichael Dave","https://bsky.app/profile/carmichaeldave.bsky.social"
"Chris Mannix","https://bsky.app/profile/sichrismannix.bsky.social"
"J.A. Adande","https://bsky.app/profile/jadande.bsky.social"
"Trey Kerby","https://bsky.app/profile/treykerby.bsky.social"
"Tas Melas","https://bsky.app/profile/tasmelas.bsky.social"
"J.E. Skeets","https://bsky.app/profile/jeskeets.bsky.social"
"Ramona Shelburne","https://bsky.app/profile/ramonaespn.bsky.social"
"Greg Esposito","https://bsky.app/profile/espo.bsky.social"
"Kyle Draper","https://bsky.app/profile/kyledrapertv.bsky.social"
"Landon Buford","https://bsky.app/profile/landonbuford.bsky.social"
"Eric Pincus","https://bsky.app/profile/ericpincus.bsky.social"
"Fred Katz","https://bsky.app/profile/fredkatz.bsky.social"
"Salman Ali","https://bsky.app/profile/salmanalinba.bsky.social"
"Pilarcasado","https://bsky.app/profile/pilarcasadobiesa.bsky.social"
"Tim MacMahon","https://bsky.app/profile/bannedmacmahon.bsky.social"
"Theo Quintard","https://bsky.app/profile/theoquintard.bsky.social"
"The PBWA","https://bsky.app/profile/prohoopswriters.bsky.social"
"Jeff McDonald","https://bsky.app/profile/jmcdonaldsa.bsky.social"
"Mark Jones","https://bsky.app/profile/markjonesespn.bsky.social"
"Justin Russo","https://bsky.app/profile/flybyknite.bsky.social"
"Blazers Edge","https://bsky.app/profile/blazersedge.bsky.social"
"Jared Greenberg","https://bsky.app/profile/jaredgreenberg.bsky.social"
"Danny Marang","https://bsky.app/profile/dannymarang.bsky.social"
"Jacob Rude","https://bsky.app/profile/jacobrude.bsky.social"
"Rob Lopez","https://bsky.app/profile/r0bato.bsky.social"
"Andy and Bryan Kamenetzky","https://bsky.app/profile/kambrothers.bsky.social"
"Nick Crain","https://bsky.app/profile/crainnba.bsky.social"
"Rob Perez","https://bsky.app/profile/worldwidewob.bsky.social"
"Paolo Uggetti","https://bsky.app/profile/paolouggetti.bsky.social"
"Deuce Mason","https://bsky.app/profile/deucemason.bsky.social"
"Peter Nygaard","https://bsky.app/profile/retepadam.bsky.social"
"Mark Cuban","https://bsky.app/profile/mcuban.bsky.social"
"Andrew Marchand","https://bsky.app/profile/andrewmarchand.bsky.social"
"Steve Smith","https://bsky.app/profile/stevesmith.bsky.social"
"Bill Simmons","https://bsky.app/profile/billsimmons.bsky.social"
"Paul Headley","https://bsky.app/profile/paulheadleynba.bsky.social"
"Janis Carr","https://bsky.app/profile/janiscarr2.bsky.social"
"Talkin' NBA","https://bsky.app/profile/talkinnba.bsky.social"
"Lakers Nation","https://bsky.app/profile/lakersnation.bsky.social"
"John Ledesma","https://bsky.app/profile/johnledesma.bsky.social"
"Alejandro Gaitan","https://bsky.app/profile/alejandroggo.com"
"Alberto De Roa","https://bsky.app/profile/albertoderoa.bsky.social"
"Joel Lorenzi","https://bsky.app/profile/jxlorenzi.bsky.social"
"Omari Sankofa","https://bsky.app/profile/omarisankofa.bsky.social"
"Richard Deitsch","https://bsky.app/profile/richarddeitsch.bsky.social"
"Bennett Durando","https://bsky.app/profile/bennettdurando.bsky.social"
"Andrew Greif","https://bsky.app/profile/andrewgreif.bsky.social"
"Kellan Olson","https://bsky.app/profile/kellanolson.bsky.social"
"Tim Reynolds","https://bsky.app/profile/bytimreynolds.bsky.social"
"Raul Barrigon","https://bsky.app/profile/raulbarrigon.bsky.social"
"Tony East","https://bsky.app/profile/tonyreast.bsky.social"
"Coach Thorpe","https://bsky.app/profile/coachthorpe.bsky.social"
"James L. Edwards III","https://bsky.app/profile/jledwardsiii.bsky.social"
"Jonathan Macri","https://bsky.app/profile/jonathanmacri.bsky.social"
"Iztok Franko","https://bsky.app/profile/iztokfranko.bsky.social"
"Alex McDaniel","https://bsky.app/profile/alexmcdaniel.co"
"James Plowright","https://bsky.app/profile/britishbuzz.bsky.social"
"Lucas Kaplan","https://bsky.app/profile/lucaskaplan.bsky.social"
"Owen Phillips","https://bsky.app/profile/owenphillips.bsky.social"
"Couper Moorhead","https://bsky.app/profile/coupnba.bsky.social"
"Seth Rosenthal","https://bsky.app/profile/sethrosenthal.bsky.social"
"Jon Nichols","https://bsky.app/profile/jonnichols.bsky.social"
"Spotrac","https://bsky.app/profile/spotrac.com"
"Simon Pollock","https://bsky.app/profile/simonpollock.bsky.social"
"Austin Kent","https://bsky.app/profile/austinkent.bsky.social"
"Zach Harper","https://bsky.app/profile/talkhoops.bsky.social"
"Nick Restifo","https://bsky.app/profile/nickrestifo.bsky.social"
"Zach Lowe","https://bsky.app/profile/zachlowenba.bsky.social"
"Amin Elhassan","https://bsky.app/profile/darthamin.bsky.social"
"Tim Cato","https://bsky.app/profile/timcato.bsky.social"
"Mark Deeks","https://bsky.app/profile/markdeeks.bsky.social"
"Danny Leroux","https://bsky.app/profile/dannyleroux.bsky.social"
"Andy Larsen","https://bsky.app/profile/andyblarsen.bsky.social"
"Travonne Edwards","https://bsky.app/profile/travonne.bsky.social"
"Jason Patt","https://bsky.app/profile/bullsjay.bsky.social"
"Ira Winderman","https://bsky.app/profile/irawinderman.bsky.social"
"James Herbert","https://bsky.app/profile/jamesherbert.bsky.social"
"Tom Ziller","https://bsky.app/profile/teamziller.bsky.social"
"Rob Mahoney","https://bsky.app/profile/robmahoney.bsky.social"
"Seerat Sohi","https://bsky.app/profile/seeratsohi.bsky.social"
"Ken Pomeroy","https://bsky.app/profile/kenpom.com"
"Matt Norlander","https://bsky.app/profile/norlander.bsky.social"
"Evan Barnes","https://bsky.app/profile/evanbarnes.bsky.social"
"Yossi Gozlan","https://bsky.app/profile/yossigozlan.bsky.social"
"Jasmyn Wimbish","https://bsky.app/profile/jasmynwimbish.bsky.social"
"Mike Finger","https://bsky.app/profile/mikefinger.bsky.social"
"Jeff Stotts","https://bsky.app/profile/instreetclothes.bsky.social"
"Ryan Blackburn","https://bsky.app/profile/ryanblackburn.bsky.social"
"Brett Dawson","https://bsky.app/profile/brettdawson.bsky.social"
"Marc Stein","https://bsky.app/profile/thesteinline.bsky.social"
"Howard Megdal","https://bsky.app/profile/howardmegdal.bsky.social"
"RealGM NBA","https://bsky.app/profile/realgmnba.bsky.social"
"Josh Robbins","https://bsky.app/profile/joshrobbins.bsky.social"
"Mirin Fader","https://bsky.app/profile/mirinfader.bsky.social"
"Baxter Holmes","https://bsky.app/profile/baxterholmes.bsky.social"
"Tom Westerholm","https://bsky.app/profile/tomwesterholm.bsky.social"
"Chad Finn","https://bsky.app/profile/chadfinn.bsky.social"
"Noa Dalzell","https://bsky.app/profile/noadalzell.bsky.social"
"Michael Scotto","https://bsky.app/profile/mikeascotto.bsky.social"
"Aaron Barzilai","https://bsky.app/profile/aaronbarzilai.bsky.social"
"Marc J. Spears","https://bsky.app/profile/marcjspears.bsky.social"
"Tomer Azarly","https://bsky.app/profile/tomerazarly.bsky.social"
"Tom Haberstroh","https://bsky.app/profile/tomhaberstroh.bsky.social"
"Jay King","https://bsky.app/profile/byjayking.bsky.social"
"Mike Prada","https://bsky.app/profile/mikepradanba.bsky.social"
"Vince Goodwill","https://bsky.app/profile/vincegoodwill.bsky.social"
"Sam Amick","https://bsky.app/profile/samamick.bsky.social"
"logan murdock","https://bsky.app/profile/loganmmurdock.bsky.social"
"Jake Fischer","https://bsky.app/profile/jakelfischer.bsky.social"
"Chris Herring","https://bsky.app/profile/herringnba.bsky.social"
"Louis Zatzman","https://bsky.app/profile/louiszatzman.bsky.social"
"Basketball Reference","https://bsky.app/profile/basketball-reference.com"
"Rachel Nichols","https://bsky.app/profile/rachel-nichols.bsky.social"
"Sam Vecenie","https://bsky.app/profile/samvecenie.bsky.social"
"John Hollinger","https://bsky.app/profile/johnhollinger.bsky.social"
"Alex Kennedy","https://bsky.app/profile/alexkennedynba.bsky.social"
"Jon Krawczynski","https://bsky.app/profile/jonkrawczynski.bsky.social"
"Mason Ginsberg","https://bsky.app/profile/masonginsberg.bsky.social"
"Yaron Weitzman","https://bsky.app/profile/yaronweitzman.bsky.social"
"Keerthika Uthayakumar","https://bsky.app/profile/keerthikau.bsky.social"
"Bryan Kalbrosky","https://bsky.app/profile/bryankalbrosky.bsky.social"
"Keith Smith","https://bsky.app/profile/keithsmithnba.bsky.social"
"Khobi Price","https://bsky.app/profile/khobiprice.bsky.social"
"Joe Viray","https://bsky.app/profile/joeviraynba.bsky.social"
"James Ham","https://bsky.app/profile/jameshamnba.bsky.social"
"Hardwood Paroxysm","https://bsky.app/profile/hpbasketball.bsky.social"
"Sarah Todd","https://bsky.app/profile/nbasarah.bsky.social"
"Jasmine L. Watkins","https://bsky.app/profile/jasminelwatkins.bsky.social"
"Esfandiar Baraheni","https://bsky.app/profile/justesbaraheni.bsky.social"
"Jacob Goldstein","https://bsky.app/profile/jacobegoldstein.bsky.social"
"Erik Garcia Gundersen","https://bsky.app/profile/erikg503.bsky.social"
"Molly Morrison","https://bsky.app/profile/mollyhannahm.bsky.social"
"John Karalis","https://bsky.app/profile/johnkaralis.com"
"Hoop Informatics","https://bsky.app/profile/hoopinformatics.bsky.social"
"Spencer Davies","https://bsky.app/profile/spindavies.bsky.social"
"Will Gottlieb","https://bsky.app/profile/willgottlieb.bsky.social"
"Krishna Narsu","https://bsky.app/profile/knarsu3.bsky.social"
"Sean Highkin","https://bsky.app/profile/highkin.bsky.social"
"Jack Simone","https://bsky.app/profile/jacksimone.bsky.social"
"Jawn Gonzalez","https://bsky.app/profile/johngonzalez.bsky.social"
"Nekias Duncan","https://bsky.app/profile/nekiasnba.bsky.social"
"Shamit Dua","https://bsky.app/profile/fearthebrown.bsky.social"
"Dan Woike","https://bsky.app/profile/danwoikesports.bsky.social"
"Cameron Tabatabaie","https://bsky.app/profile/ctabatabaie.bsky.social"
"Blake Murphy","https://bsky.app/profile/blakemurphy.bsky.social"
"Paul Hudrick","https://bsky.app/profile/paulhudrick.bsky.social"
"Justin Quinn","https://bsky.app/profile/justinquinnn.bsky.social"
"Michael Pina","https://bsky.app/profile/michaelvpina.bsky.social"
"Jon Hamm","https://bsky.app/profile/jonhamm.bsky.social"
"Kerith Burke","https://bsky.app/profile/kerithburke.bsky.social"
"Jared Dubin","https://bsky.app/profile/jadubin5.bsky.social"
"Adam Taylor","https://bsky.app/profile/adamtaylornba.bsky.social"
"Sam DiGiovanni","https://bsky.app/profile/samdigiovanni.bsky.social"
"Austin Krell","https://bsky.app/profile/austinkrell.bsky.social"
"Kyle Neubeck","https://bsky.app/profile/kyleneubeck.bsky.social"
"Gerald Bourguet","https://bsky.app/profile/geraldbourguet.bsky.social"
"Sam Cooper","https://bsky.app/profile/scooperhoops2.bsky.social"
"Danny Cunningham","https://bsky.app/profile/dannycunningham.bsky.social"
"Anthony Irwin","https://bsky.app/profile/anthonyirwinla.bsky.social"
"NBA Cobwebs","https://bsky.app/profile/nbacobwebs.bsky.social"
"Brad Rowland","https://bsky.app/profile/btrowland.bsky.social"
"Morten Stig Jensen","https://bsky.app/profile/msjnba.bsky.social"
"Joel Rush","https://bsky.app/profile/joelrushnba.bsky.social"
"Eric Koreen","https://bsky.app/profile/ekoreen.bsky.social"
"Mike Vorkunov","https://bsky.app/profile/mikevorkunov.bsky.social"
"Duncan Smith","https://bsky.app/profile/duncansmith.bsky.social"
"Dan Favale","https://bsky.app/profile/danfavale.bsky.social"
"Law Murray","https://bsky.app/profile/lawmurraythenu.bsky.social"
"Justin Rowan","https://bsky.app/profile/cavsanada.bsky.social"
"Derek Bodner","https://bsky.app/profile/derekbodner.bsky.social"
"Jim Owczarski","https://bsky.app/profile/jimowczarski.bsky.social"
"John Schuhmann","https://bsky.app/profile/johnschuhmann.bsky.social"
"Katie Heindl","https://bsky.app/profile/wtevs.bsky.social"
"Steph Noh","https://bsky.app/profile/stephnoh.bsky.social"
"Kurt Helin","https://bsky.app/profile/basketballtalk.bsky.social"
"Kevin Pelton","https://bsky.app/profile/kpelton.bsky.social"
"Dan Devine","https://bsky.app/profile/yourmandevine.bsky.social"
"Howard Beck","https://bsky.app/profile/howardbeck.bsky.social"
"Dime","https://bsky.app/profile/dimeuproxx.bsky.social"
"Shams Charania Tweets","https://bsky.app/profile/shamsbot.bsky.social"
"Jorge Sierra","https://bsky.app/profile/hoopshype.bsky.social"
